,user list
0,76561198041636864
1,76561198373978112
2,76561198125563904
3,76561197968244736
4,76561198144593920
5,76561197986070528
6,76561198033338368
7,76561197960830992
8,76561198864080912
9,76561197989421072
10,76561198035304464
11,76561198430724128
12,76561198146150432
13,76561199442763808
14,76561198072365104
15,76561198107779120
16,76561197970686000
17,76561198273445952
18,76561198165114944
19,76561198812323920
20,76561198287036496
21,76561198137081936
22,76561197971972176
23,76561198268498000
24,76561198248714336
25,76561198399594592
26,76561199063908464
27,76561197970538608
28,76561199190163568
29,76561197984866416
30,76561197977682032
31,76561198085365888
32,76561198167105680
33,76561197964009616
34,76561198067073184
35,76561198141317280
36,76561198165442720
37,76561198204706992
38,76561198009966768
39,76561198085734576
40,76561198312153280
41,76561198048092352
42,76561198861459648
43,76561198099718336
44,76561197982589136
45,76561198431371488
46,76561198815748320
47,76561198094319840
48,76561198277984480
49,76561198028562656
50,76561198452768992
51,76561198089052400
52,76561198123942144
53,76561198146650368
54,76561198873542912
55,76561198286569744
56,76561198330888464
57,76561197967524112
58,76561197974085920
59,76561198880473376
60,76561198019576096
61,76561197997793568
62,76561198316814624
63,76561198937964832
64,76561197972939056
65,76561197964345648
66,76561198138491184
67,76561198011916592
68,76561198293909824
69,76561198026424640
70,76561198183956816
71,76561198040023376
72,76561198108148064
73,76561198144192864
74,76561198113014112
75,76561197979918688
76,76561198162100576
77,76561198337319264
78,76561199022637408
79,76561198853316976
80,76561197990994288
81,76561198260093296
82,76561197971726720
83,76561198098325888
84,76561198999748992
85,76561198009328000
86,76561198292066704
87,76561198075232656
88,76561198263427472
89,76561198140801440
90,76561197965361584
91,76561198029554096
92,76561198015275440
93,76561198151418288
94,76561197997506992
95,76561197980328368
96,76561198957085120
97,76561197991657920
98,76561198112563648
99,76561198151025088
100,76561198051926464
101,76561198040654272
102,76561199239283136
103,76561197993198016
104,76561198304969168
105,76561198151696848
106,76561197982818768
107,76561198271193552
108,76561199376310736
109,76561198052188640
110,76561197971374560
111,76561198872224224
112,76561198007845344
113,76561197979402736
114,76561198006804976
115,76561197980156400
116,76561198223311344
117,76561197975781888
118,76561198085014016
119,76561198027686400
120,76561197962207744
121,76561198055039488
122,76561198166393360
123,76561198111728160
124,76561198281253408
125,76561198071390752
126,76561198158004800
127,76561197966385728
128,76561197988807232
129,76561197998146128
130,76561197987709520
131,76561198027047520
132,76561198132986464
133,76561198147789408
134,76561197995205216
135,76561198010335840
136,76561197966557808
137,76561198022378096
138,76561198081860208
139,76561197989683824
140,76561198027195008
141,76561198001808000
142,76561197996524160
143,76561197981180544
144,76561198079976064
145,76561198005559936
146,76561198049329792
147,76561197999858320
148,76561198168867472
149,76561198215471760
150,76561198073488016
151,76561198314652320
152,76561198016996000
153,76561197992116896
154,76561198010737312
155,76561197977158304
156,76561198173381280
157,76561198041891488
158,76561198140531360
159,76561198872773280
160,76561197992960688
161,76561197993894576
162,76561198059578032
163,76561198047838896
164,76561198080123568
165,76561198843871936
166,76561199169053392
167,76561198062265040
168,76561199337136848
169,76561197993312992
170,76561198005879536
171,76561198039687920
172,76561198142366448
173,76561198061519616
174,76561198055326464
175,76561198818517760
176,76561198259528464
177,76561198011810576
178,76561197999899408
179,76561198427374352
180,76561198117045024
181,76561198084735776
182,76561198024975136
183,76561198012023584
184,76561198962238240
185,76561197965820704
186,76561198320452400
187,76561198324925232
188,76561198158938944
189,76561199200543552
190,76561198054482752
191,76561198022296384
192,76561198035182416
193,76561198048101200
194,76561197967999824
195,76561197989634912
196,76561198094803808
197,76561199220147040
198,76561198018446176
199,76561197986276192
200,76561198075061104
201,76561197972390768
202,76561199174853504
203,76561199026447232
204,76561198120395648
205,76561198047134592
206,76561198126957440
207,76561198072431488
208,76561198055498624
209,76561197994894208
210,76561197963584384
211,76561198061372288
212,76561198004003728
213,76561198070678416
214,76561198237680528
215,76561197983048592
216,76561198091494288
217,76561197999850400
218,76561198006756256
219,76561198022820768
220,76561198085858208
221,76561197969417120
222,76561198037246896
223,76561197974684592
224,76561198320362416
225,76561198013924272
226,76561197992158144
227,76561198110483392
228,76561198011515840
229,76561197993780176
230,76561198012957648
231,76561197971948496
232,76561198151386064
233,76561198174200784
234,76561199108719568
235,76561198013457376
236,76561198143390688
237,76561198053417952
238,76561199077712880
239,76561197969908752
240,76561198041400336
241,76561198382638096
242,76561198035248144
243,76561197988422688
244,76561198006617120
245,76561198000088096
246,76561198111654944
247,76561197967459360
248,76561198037222432
249,76561197970334752
250,76561198030496816
251,76561198054106160
252,76561198163723312
253,76561198061241392
254,76561197995852848
255,76561198023623744
256,76561199105213504
257,76561198307615808
258,76561198093427776
259,76561197961692240
260,76561198864811088
261,76561197968073808
262,76561198143972432
263,76561197984785488
264,76561197993288784
265,76561198157038672
266,76561198008091744
267,76561198190511200
268,76561198036944000
269,76561198038516864
270,76561198073414800
271,76561198024270992
272,76561197982893200
273,76561198274438288
274,76561197998908560
275,76561198071760032
276,76561197982540960
277,76561197970482336
278,76561197976028336
279,76561198000833712
280,76561198010131632
281,76561198030791856
282,76561197998286000
283,76561199145215168
284,76561198132503744
285,76561199154529472
286,76561198001194176
287,76561197980796096
288,76561198032291008
289,76561198061249744
290,76561198025016528
291,76561198829315280
292,76561198126449888
293,76561198006412512
294,76561198097409248
295,76561198014473456
296,76561197976528112
297,76561198207083776
298,76561198079452416
299,76561198050157840
300,76561197972415760
301,76561198085326096
302,76561198130709776
303,76561197975717136
304,76561198048855328
305,76561198846387488
306,76561199004255536
307,76561197997925680
308,76561197990913344
309,76561198082303296
310,76561198352368960
311,76561198073726272
312,76561199105197376
313,76561198379255104
314,76561198060733776
315,76561198110344528
316,76561198040466768
317,76561198333666656
318,76561198096606560
319,76561198030980448
320,76561198095041904
321,76561198046414192
322,76561198081066368
323,76561198409491840
324,76561198160496000
325,76561197995656592
326,76561198083704208
327,76561198034609552
328,76561198021625232
329,76561198068180368
330,76561198036075920
331,76561198171456384
332,76561197992674720
333,76561198092625312
334,76561198122542512
335,76561198009664944
336,76561198873740736
337,76561198112810432
338,76561199233410496
339,76561197970728384
340,76561198845535680
341,76561198004585920
342,76561199097243072
343,76561198050379216
344,76561198989051344
345,76561198155097552
346,76561198038861264
347,76561198063920592
348,76561198162634208
349,76561198189225440
350,76561198093460960
351,76561198036297200
352,76561198037427696
353,76561198057817584
354,76561199109064176
355,76561198096811504
356,76561198149715440
357,76561197992764912
358,76561198155654640
359,76561198200161776
360,76561197989766656
361,76561198034077184
362,76561198030784016
363,76561198172087824
364,76561199077885456
365,76561198039909904
366,76561198142809616
367,76561197970638352
368,76561197970859552
369,76561197983311392
370,76561198035691056
371,76561198040557120
372,76561198817674816
373,76561198009960000
374,76561198212769344
375,76561198031283776
376,76561198046864960
377,76561198071531072
378,76561198249068096
379,76561198118995520
380,76561198300153424
381,76561198159316560
382,76561197979969104
383,76561197978617424
384,76561199073715792
385,76561198014146144
386,76561198122878560
387,76561198257702496
388,76561198122714720
389,76561198010443360
390,76561198080337504
391,76561198020445792
392,76561198001251936
393,76561198001784416
394,76561198149076576
395,76561198049789552
396,76561197985072752
397,76561198875567728
398,76561198077093504
399,76561198062085776
400,76561197993100944
401,76561198871946896
402,76561198174865056
403,76561198028711584
404,76561198080493216
405,76561198016661152
406,76561198327228064
407,76561199087044256
408,76561197979985584
409,76561197970712240
410,76561198027982512
411,76561199200773808
412,76561198020085440
413,76561198071375552
414,76561198024812224
415,76561198021551808
416,76561198011909824
417,76561198170220224
418,76561198017054400
419,76561197974038208
420,76561197990405824
421,76561198840350416
422,76561198065534672
423,76561198120699600
424,76561198178420432
425,76561198413350624
426,76561198024050400
427,76561198353008352
428,76561197993002736
429,76561198024378096
430,76561198232282864
431,76561198131701504
432,76561198037960448
433,76561198064289536
434,76561198326023936
435,76561198002521856
436,76561198201620240
437,76561197983672080
438,76561199282833168
439,76561197960931104
440,76561198018029344
441,76561198010386224
442,76561198031095600
443,76561198909040432
444,76561197985589040
445,76561198389339968
446,76561198068369216
447,76561197983131472
448,76561198006986576
449,76561197970483024
450,76561198271760208
451,76561198151755600
452,76561198025541488
453,76561197978232688
454,76561198097287024
455,76561198995400560
456,76561198007404432
457,76561197991536528
458,76561198126081936
459,76561198360216448
460,76561198289504160
461,76561198255892384
462,76561199094146992
463,76561198009903024
464,76561198140442560
465,76561197976176576
466,76561197964863424
467,76561198189848528
468,76561198287521744
469,76561198116136912
470,76561197967067104
471,76561198059825120
472,76561198094321632
473,76561198988470256
474,76561198093363184
475,76561198034601968
476,76561198062594032
477,76561198001784832
478,76561198040295424
479,76561198057433088
480,76561197995894800
481,76561198126975024
482,76561198000900144
483,76561198215219264
484,76561198169368640
485,76561198016989248
486,76561198128285760
487,76561198170933312
488,76561198011762768
489,76561198870751312
490,76561198006413392
491,76561197981509712
492,76561198114662496
493,76561198040811616
494,76561197993683040
495,76561198300874848
496,76561197978536032
497,76561198078208112
498,76561198257293424
499,76561198032267376
500,76561198031530128
501,76561197993437328
502,76561198025705616
503,76561198025230480
504,76561198306871456
505,76561199048804512
506,76561198122961056
507,76561198040811696
508,76561198810106032
509,76561198046128320
510,76561197975292096
511,76561198851688656
512,76561198041368784
513,76561198042646752
514,76561198141483232
515,76561199001209056
516,76561197993240800
517,76561198100506848
518,76561197970237664
519,76561198295116000
520,76561198171908320
521,76561198085376240
522,76561198068648176
523,76561198046742784
524,76561198126983424
525,76561198053280000
526,76561197971532048
527,76561198205774112
528,76561198063462688
529,76561198075849008
530,76561198034831664
531,76561198028712240
532,76561198363797808
533,76561198022854960
534,76561198075234624
535,76561199024392512
536,76561198885202240
537,76561197979961680
538,76561198034127184
539,76561198042138960
540,76561198022142288
541,76561198049683792
542,76561199118510416
543,76561197977069904
544,76561199013742928
545,76561198098229584
546,76561199007476064
547,76561198003308896
548,76561198068468064
549,76561198134798688
550,76561198153492832
551,76561198034889056
552,76561198073088368
553,76561198202022256
554,76561198002178416
555,76561198001408368
556,76561198199974256
557,76561197981706608
558,76561197989955968
559,76561198002956672
560,76561198107068800
561,76561197985573264
562,76561198081477008
563,76561198329063824
564,76561198049356192
565,76561198084622752
566,76561198012221856
567,76561198425852320
568,76561197970336160
569,76561198191053216
570,76561199064189360
571,76561197962914256
572,76561197990562256
573,76561198025394640
574,76561199113652688
575,76561198025542096
576,76561197977250272
577,76561198045882848
578,76561198000318944
579,76561198007888368
580,76561198005406192
581,76561198108183040
582,76561198515694080
583,76561198013073920
584,76561198157392400
585,76561198316669456
586,76561198089497104
587,76561198035946000
588,76561198088342032
589,76561199037655568
590,76561198029818400
591,76561197982288416
592,76561197961349664
593,76561197993273888
594,76561198048086576
595,76561197993060912
596,76561197992880688
597,76561199207893568
598,76561198064388672
599,76561198028204608
600,76561198992083520
601,76561198027999808
602,76561198812162624
603,76561198097664592
604,76561197971417680
605,76561198080043600
606,76561197991103056
607,76561198122437200
608,76561198263380560
609,76561198028769888
610,76561198009690720
611,76561197979609696
612,76561197967346272
613,76561198030776944
614,76561198074169968
615,76561198050085488
616,76561198130948720
617,76561198145038960
618,76561198196198000
619,76561198112819840
620,76561198006217344
621,76561198452116096
622,76561198988520064
623,76561198074546816
624,76561198974339712
625,76561198021757568
626,76561198014229136
627,76561198000097936
628,76561197982231184
629,76561198097877664
630,76561197981584032
631,76561197970639520
632,76561198140435104
633,76561198198655664
634,76561198019373744
635,76561197999155888
636,76561198812859056
637,76561198000466624
638,76561198123248320
639,76561198823754432
640,76561198451223232
641,76561199072078528
642,76561198035643088
643,76561198189447888
644,76561197970680528
645,76561198072113888
646,76561198066158304
647,76561198020225760
648,76561198087375600
649,76561198024977152
650,76561198970997504
651,76561198173899520
652,76561197992135424
653,76561198845717264
654,76561197990406928
655,76561198978296592
656,76561197977086752
657,76561198063561504
658,76561198117096224
659,76561198028049200
660,76561198052707120
661,76561198180059952
662,76561198977452848
663,76561198051568448
664,76561198013082448
665,76561198046595920
666,76561198025075536
667,76561197970533200
668,76561198451518288
669,76561198030744400
670,76561198881352544
671,76561198345710432
672,76561197961349984
673,76561199466556256
674,76561197992512352
675,76561198315146096
676,76561198370147184
677,76561198202989424
678,76561198005357440
679,76561198139665280
680,76561198021766016
681,76561198249454464
682,76561198212991872
683,76561197965396864
684,76561198871833472
685,76561198074219392
686,76561199040048016
687,76561198271105936
688,76561198243589024
689,76561198069607344
690,76561198103358400
691,76561198015835072
692,76561198032063440
693,76561197970435024
694,76561198299565008
695,76561198005701584
696,76561197976513488
697,76561198155418592
698,76561198025321440
699,76561198300048352
700,76561198150028256
701,76561198026181600
702,76561197972736992
703,76561197997829088
704,76561198022298608
705,76561197971434480
706,76561198072761328
707,76561198004538352
708,76561198198590464
709,76561198030629888
710,76561198012861440
711,76561198147439632
712,76561198311558160
713,76561198016662544
714,76561198237010960
715,76561198045989920
716,76561199008287776
717,76561198069877808
718,76561198201613376
719,76561197993118784
720,76561197982567488
721,76561198011296832
722,76561198315179088
723,76561198011657296
724,76561199153269840
725,76561198040919136
726,76561198148676720
727,76561198057221248
728,76561198046252160
729,76561198122699904
730,76561198129753216
731,76561197989268624
732,76561198023650448
733,76561198384114848
734,76561198007471264
735,76561198042344608
736,76561198038371488
737,76561198039084208
738,76561198106512560
739,76561198180232368
740,76561198829743280
741,76561198231874736
742,76561198022266048
743,76561198353288384
744,76561198068174016
745,76561198038740176
746,76561198093913296
747,76561197996297440
748,76561198084041952
749,76561197970541792
750,76561198006455520
751,76561197976694000
752,76561198025583856
753,76561199004519680
754,76561198179962112
755,76561198182960400
756,76561198182731024
757,76561198025510160
758,76561198002916624
759,76561199075667216
760,76561198372064528
761,76561197990194464
762,76561198013328688
763,76561198115646768
764,76561198075989296
765,76561197971877168
766,76561199130398000
767,76561198279552304
768,76561197972483392
769,76561198019022160
770,76561197982920016
771,76561198277332304
772,76561198052388192
773,76561198831488352
774,76561198052781408
775,76561197970361696
776,76561198173457776
777,76561198321806704
778,76561197992856960
779,76561198194167168
780,76561198420209024
781,76561198056902032
782,76561198800965008
783,76561197970435472
784,76561198129212816
785,76561198043401616
786,76561198268853664
787,76561198076882336
788,76561198079602096
789,76561198347791792
790,76561198366502320
791,76561198075202992
792,76561197972090304
793,76561198108478912
794,76561198010641856
795,76561198039305664
796,76561197978406352
797,76561198117146064
798,76561198156688848
799,76561198013132240
800,76561198016196048
801,76561198078750160
802,76561198855384544
803,76561197996715488
804,76561198993944032
805,76561197988376064
806,76561197998099968
807,76561199058849280
808,76561198054387200
809,76561198257614336
810,76561198197681664
811,76561198085926416
812,76561197970509328
813,76561198003146256
814,76561198393970192
815,76561198069673488
816,76561198250544672
817,76561198344613408
818,76561198073982496
819,76561198232440352
820,76561198994796064
821,76561198010060336
822,76561198067265072
823,76561198069018160
824,76561198872751664
825,76561198038552112
826,76561198055239232
827,76561198368075328
828,76561198017736256
829,76561198101950032
830,76561198859603552
831,76561198452125280
832,76561199102897760
833,76561198053428832
834,76561198051708512
835,76561198812483168
836,76561198004145760
837,76561198274645600
838,76561199078936192
839,76561198037520016
840,76561198418390688
841,76561197972442784
842,76561198179372704
843,76561198380904112
844,76561198087933616
845,76561198024969904
846,76561199181655744
847,76561198006849216
848,76561198089989824
849,76561199126212288
850,76561198044933840
851,76561198032588512
852,76561198014492384
853,76561198117637856
854,76561198087794416
855,76561198086721264
856,76561198132276976
857,76561198032596720
858,76561198054608640
859,76561198047301376
860,76561198199590656
861,76561198008299264
862,76561198054387456
863,76561199095484176
864,76561198119374624
865,76561198008282912
866,76561199087447840
867,76561197995192096
868,76561198037077792
869,76561198068182832
870,76561198062710592
871,76561198848077632
872,76561198073384768
873,76561198360571712
874,76561198148030288
875,76561197992521552
876,76561198011625296
877,76561198205833040
878,76561198123061088
879,76561198134726496
880,76561198301417312
881,76561197985017696
882,76561198011502464
883,76561198301417360
884,76561197972082576
885,76561198052904864
886,76561198065880992
887,76561198019964832
888,76561198009405344
889,76561198039461808
890,76561198007513024
891,76561198031032256
892,76561198053953472
893,76561198123200480
894,76561198070616032
895,76561198025732064
896,76561198078996448
897,76561198032154640
898,76561199055204384
899,76561198059532320
900,76561198452969504
901,76561197962473520
902,76561197996273712
903,76561198012682304
904,76561198018277440
905,76561198009593920
906,76561199038099520
907,76561198125281360
908,76561198097707088
909,76561198031777872
910,76561198119342160
911,76561197972279376
912,76561198062678112
913,76561198044008544
914,76561197995577440
915,76561198000722016
916,76561198245441648
917,76561198162538608
918,76561198056902768
919,76561199002931312
920,76561198157033584
921,76561198191505520
922,76561197970329728
923,76561198125215872
924,76561198092308608
925,76561198126592128
926,76561198023487632
927,76561197970739344
928,76561198087491744
929,76561198026567840
930,76561198154092704
931,76561199131922592
932,76561198800662704
933,76561198010134704
934,76561197989580992
935,76561198006653120
936,76561198035054800
937,76561198008914128
938,76561197971787984
939,76561198394732752
940,76561198847078624
941,76561197965193440
942,76561198067937536
943,76561198088835328
944,76561197994971392
945,76561198077251840
946,76561197976408336
947,76561198009331984
948,76561199057023248
949,76561199062438176
950,76561198084600096
951,76561198035915040
952,76561197963489568
953,76561198358098224
954,76561198155755824
955,76561198094455104
956,76561199085818192
957,76561197995487568
958,76561197971894608
959,76561197987565904
960,76561199112556912
961,76561199089054064
962,76561198124650864
963,76561198021677424
964,76561198083068272
965,76561198047637888
966,76561198002450832
967,76561199012041104
968,76561198101606800
969,76561198059286928
970,76561198143304096
971,76561198071206304
972,76561197968331168
973,76561199023919536
974,76561197963588016
975,76561198007046576
976,76561198086410672
977,76561198135169456
978,76561197996503472
979,76561198015017392
980,76561198043918784
981,76561198271410624
982,76561198296371648
983,76561198068347328
984,76561198090899904
985,76561198013723088
986,76561198401925616
987,76561199014359536
988,76561198138675696
989,76561197976351232
990,76561198022636032
991,76561198118089216
992,76561198037930496
993,76561198057345568
994,76561198114026032
995,76561198370714160
996,76561198063022640
997,76561198055100992
998,76561198059754048
999,76561198068920896
1000,76561198210486848
1001,76561198026379840
1002,76561198006260288
1003,76561198002868816
1004,76561198135120464
1005,76561198862447200
1006,76561198036234864
1007,76561198007579248
1008,76561198299837056
1009,76561197989737088
1010,76561198083289728
1011,76561198062301824
1012,76561198088213120
1013,76561198024618624
1014,76561197973230224
1015,76561198027502224
1016,76561198883222160
1017,76561197969379984
1018,76561198021087888
1019,76561198007300752
1020,76561198173606560
1021,76561198264316592
1022,76561198004368048
1023,76561198028903088
1024,76561197963784880
1025,76561198095217328
1026,76561197996610224
1027,76561198350906048
1028,76561198129771200
1029,76561198025306816
1030,76561198008447680
1031,76561198123274960
1032,76561198365889232
1033,76561198998262496
1034,76561198045401824
1035,76561198089319136
1036,76561198009316080
1037,76561198358819568
1038,76561198058484480
1039,76561198996861712
1040,76561198354551568
1041,76561197980054288
1042,76561198115050272
1043,76561197960344352
1044,76561198131442464
1045,76561198047474480
1046,76561198042198832
1047,76561198312690480
1048,76561198233531184
1049,76561198061908784
1050,76561198054437680
1051,76561198033802032
1052,76561198201680688
1053,76561198057362224
1054,76561198120530768
1055,76561197988639568
1056,76561198877324128
1057,76561197961401184
1058,76561199031735136
1059,76561198025724768
1060,76561197979521888
1061,76561197965046640
1062,76561198199411568
1063,76561198187303792
1064,76561199063520112
1065,76561198085321584
1066,76561198007866240
1067,76561197963973504
1068,76561198105858960
1069,76561198376317840
1070,76561198012650400
1071,76561198162834336
1072,76561198044410784
1073,76561198030336928
1074,76561198082331552
1075,76561198031975328
1076,76561198082151344
1077,76561198082634672
1078,76561197980259248
1079,76561199151436720
1080,76561198066496448
1081,76561198273254336
1082,76561198018892736
1083,76561198077719488
1084,76561198040527808
1085,76561198024340432
1086,76561198051546064
1087,76561198075466720
1088,76561198006555616
1089,76561198035276768
1090,76561197976327136
1091,76561198394692576
1092,76561198176793584
1093,76561198128141296
1094,76561198012068864
1095,76561198025044992
1096,76561197991465984
1097,76561197964866560
1098,76561198049940480
1099,76561197992842240
1100,76561198035391504
1101,76561198043550752
1102,76561197965988896
1103,76561198007120928
1104,76561198081905696
1105,76561198056223776
1106,76561198011397152
1107,76561198135538720
1108,76561198055814192
1109,76561197978350640
1110,76561198035383344
1111,76561198258467888
1112,76561198039766080
1113,76561197983740992
1114,76561197967561792
1115,76561198126306384
1116,76561197970560080
1117,76561198427911264
1118,76561198121112672
1119,76561199322354784
1120,76561198108562544
1121,76561197988000880
1122,76561198114788464
1123,76561198169322624
1124,76561198835430528
1125,76561198076515456
1126,76561198353593488
1127,76561199010747536
1128,76561198976414880
1129,76561198028854448
1130,76561198006301872
1131,76561197961237680
1132,76561198157755584
1133,76561198044443840
1134,76561199367697600
1135,76561197961082048
1136,76561198209717440
1137,76561197972812992
1138,76561198396904656
1139,76561198332843216
1140,76561198810633424
1141,76561198020179152
1142,76561199276602592
1143,76561198036874464
1144,76561198069159152
1145,76561198137136368
1146,76561197966570736
1147,76561199118284016
1148,76561197983225088
1149,76561198020171008
1150,76561198030910720
1151,76561197978088720
1152,76561198254257424
1153,76561197977146640
1154,76561198993519904
1155,76561198014649632
1156,76561198083568928
1157,76561197977892144
1158,76561199040984368
1159,76561199035995440
1160,76561198094021936
1161,76561198031697200
1162,76561198047524160
1163,76561198096102720
1164,76561198032557376
1165,76561198146303296
1166,76561198007817552
1167,76561197965866320
1168,76561198039709008
1169,76561199122896208
1170,76561197965284704
1171,76561198053791072
1172,76561197991679328
1173,76561198078498144
1174,76561197976565088
1175,76561198055339376
1176,76561198070412656
1177,76561198198109552
1178,76561198105785712
1179,76561197969700208
1180,76561199209829744
1181,76561198008653168
1182,76561198006269312
1183,76561198338938240
1184,76561198035252608
1185,76561198169560448
1186,76561198845253008
1187,76561198053971344
1188,76561198323725712
1189,76561198006580640
1190,76561198005261728
1191,76561198072182176
1192,76561198012962208
1193,76561197979628960
1194,76561198078588336
1195,76561198005360048
1196,76561198417417664
1197,76561198313821632
1198,76561198140257728
1199,76561198012044752
1200,76561198142240208
1201,76561198068102624
1202,76561198127814112
1203,76561197970585056
1204,76561198812444128
1205,76561198031361504
1206,76561198326224352
1207,76561199120905712
1208,76561198272009728
1209,76561197976598016
1210,76561198026896896
1211,76561198054438416
1212,76561198377465360
1213,76561198415418896
1214,76561197971445280
1215,76561197990188576
1216,76561198384641568
1217,76561198009021984
1218,76561198117541408
1219,76561198077261360
1220,76561198083880496
1221,76561198000272944
1222,76561198097675824
1223,76561199070369344
1224,76561198061647424
1225,76561198197896768
1226,76561198857975376
1227,76561198108685920
1228,76561198091433568
1229,76561198004418144
1230,76561198071199344
1231,76561197970339440
1232,76561198031001200
1233,76561198073648768
1234,76561198158149248
1235,76561198082610816
1236,76561198072542848
1237,76561198129411712
1238,76561198170429056
1239,76561198813927056
1240,76561198079530640
1241,76561198035130016
1242,76561198004565664
1243,76561198048048800
1244,76561198048974496
1245,76561198325421728
1246,76561198148474528
1247,76561198017910448
1248,76561198063441584
1249,76561197988566720
1250,76561198141404864
1251,76561198049949376
1252,76561198145320640
1253,76561197962139328
1254,76561198224799424
1255,76561198090172096
1256,76561197996627648
1257,76561198056109776
1258,76561198042052304
1259,76561198068258512
1260,76561198981658320
1261,76561198020998864
1262,76561198035285728
1263,76561198082995936
1264,76561198048925408
1265,76561198052243168
1266,76561198003943152
1267,76561198158354160
1268,76561198186215152
1269,76561198041102080
1270,76561198007392000
1271,76561198003607312
1272,76561198109669136
1273,76561198857484048
1274,76561198878619440
1275,76561198127388464
1276,76561198051194672
1277,76561198338029376
1278,76561198203795264
1279,76561198045443920
1280,76561198067464016
1281,76561198030681952
1282,76561198866716528
1283,76561198082881392
1284,76561198061606768
1285,76561198317918080
1286,76561197969749888
1287,76561199230515072
1288,76561198042535808
1289,76561198030788480
1290,76561199153239952
1291,76561198156060560
1292,76561198128371616
1293,76561197999839136
1294,76561198131484576
1295,76561198041020320
1296,76561198178187168
1297,76561198045411248
1298,76561198007220144
1299,76561198102386608
1300,76561198069815232
1301,76561198980888512
1302,76561197991614400
1303,76561198152308688
1304,76561198144427984
1305,76561197971191760
1306,76561198064392144
1307,76561199196035040
1308,76561198310758368
1309,76561198030338016
1310,76561198353897456
1311,76561198802016256
1312,76561198013274112
1313,76561198093350912
1314,76561198013462544
1315,76561197988665360
1316,76561197988001808
1317,76561197972092960
1318,76561198115829792
1319,76561198007556128
1320,76561198022514720
1321,76561198300747808
1322,76561198025070624
1323,76561198180063264
1324,76561198078457888
1325,76561198243125280
1326,76561198002124848
1327,76561198113953840
1328,76561197998266432
1329,76561198019328064
1330,76561198056429632
1331,76561198191401024
1332,76561198812731456
1333,76561198018910272
1334,76561198126610496
1335,76561198045648960
1336,76561198037456960
1337,76561198340847696
1338,76561197970683984
1339,76561198797985872
1340,76561198073092176
1341,76561198006581344
1342,76561197970479200
1343,76561198020474976
1344,76561198029903968
1345,76561199022323840
1346,76561197995669632
1347,76561197993531520
1348,76561197992229008
1349,76561198167152784
1350,76561197978351776
1351,76561197993670832
1352,76561198393825456
1353,76561197982881968
1354,76561198051055792
1355,76561198058453168
1356,76561198106507440
1357,76561198070298800
1358,76561198011250864
1359,76561198042757312
1360,76561197970413760
1361,76561198107990208
1362,76561197984725184
1363,76561198070954176
1364,76561198068611264
1365,76561198001387728
1366,76561198834014416
1367,76561199016835280
1368,76561197997922512
1369,76561198402484448
1370,76561198027102432
1371,76561198119598304
1372,76561198226249952
1373,76561197964073200
1374,76561198376278256
1375,76561198054725872
1376,76561197986797808
1377,76561197972330736
1378,76561198061910272
1379,76561198000896256
1380,76561198033910032
1381,76561198044633360
1382,76561198129936656
1383,76561198175631648
1384,76561198023555360
1385,76561198103648544
1386,76561198288689456
1387,76561197991459120
1388,76561197992352048
1389,76561199103744304
1390,76561198055684400
1391,76561198847711536
1392,76561198035826992
1393,76561198019205440
1394,76561199185434944
1395,76561197977450816
1396,76561198068169040
1397,76561197972445520
1398,76561198220351824
1399,76561198042143056
1400,76561198086846800
1401,76561198167300448
1402,76561198058584416
1403,76561198042913120
1404,76561198169225568
1405,76561199061514592
1406,76561197991262576
1407,76561198260599152
1408,76561198048852336
1409,76561198003452272
1410,76561198869789056
1411,76561198335490432
1412,76561198058371456
1413,76561197977188736
1414,76561198363875728
1415,76561198061640080
1416,76561197963164048
1417,76561198039808400
1418,76561197993343392
1419,76561198024972704
1420,76561197972920736
1421,76561199048047024
1422,76561198090287536
1423,76561198188894640
1424,76561198032239024
1425,76561199096076736
1426,76561197974870464
1427,76561198018476480
1428,76561199111731648
1429,76561198044723648
1430,76561198079719888
1431,76561198006434256
1432,76561198063942096
1433,76561198137424336
1434,76561198799657440
1435,76561198072445408
1436,76561197970078176
1437,76561198024874464
1438,76561198196521456
1439,76561197993703920
1440,76561197971724800
1441,76561197993630208
1442,76561198021908992
1443,76561198100011520
1444,76561198307908112
1445,76561198012545568
1446,76561198030305824
1447,76561197975845424
1448,76561198046747200
1449,76561198045076032
1450,76561197983545920
1451,76561198119688784
1452,76561198140299856
1453,76561198317632096
1454,76561198001748576
1455,76561198103075424
1456,76561198067112560
1457,76561198074428016
1458,76561198122195568
1459,76561198197234304
1460,76561198274566784
1461,76561198273010304
1462,76561198004484752
1463,76561198068849296
1464,76561198037826192
1465,76561198045592224
1466,76561197970520752
1467,76561198100404912
1468,76561198001912496
1469,76561197992360624
1470,76561199050857136
1471,76561198003026608
1472,76561198318172864
1473,76561198120188608
1474,76561197992557248
1475,76561197980482240
1476,76561199012625088
1477,76561198028626624
1478,76561199441550032
1479,76561198067382992
1480,76561198039374544
1481,76561198153743056
1482,76561197973052128
1483,76561198029904608
1484,76561197986527968
1485,76561198021442272
1486,76561198060731104
1487,76561198110046976
1488,76561198032239360
1489,76561198055676672
1490,76561198272559872
1491,76561198132476688
1492,76561198838078224
1493,76561198839479056
1494,76561198116551440
1495,76561197970430736
1496,76561198066154256
1497,76561198027250448
1498,76561198099012384
1499,76561198261066528
1500,76561198008711968
1501,76561198024440608
1502,76561198005271328
1503,76561198089534240
1504,76561197970692912
1505,76561198029028144
1506,76561198018894640
1507,76561198016723760
1508,76561198004337456
1509,76561198095924048
1510,76561198005689168
1511,76561198040234832
1512,76561198168447824
1513,76561198202174304
1514,76561198056807264
1515,76561198402214752
1516,76561197968907104
1517,76561198184897392
1518,76561197989051248
1519,76561198003174256
1520,76561197994056560
1521,76561198095022960
1522,76561197981588352
1523,76561199034186624
1524,76561198990949248
1525,76561197971544960
1526,76561198025825152
1527,76561198022966160
1528,76561198081940368
1529,76561198046591888
1530,76561197991279504
1531,76561198392171424
1532,76561198215461792
1533,76561198014471072
1534,76561197996972960
1535,76561198014913456
1536,76561198408768448
1537,76561198164016064
1538,76561198025087936
1539,76561198086839232
1540,76561198046125008
1541,76561198367923152
1542,76561198079187936
1543,76561198042225632
1544,76561197970889696
1545,76561198170405856
1546,76561198012693504
1547,76561198071421952
1548,76561198026218496
1549,76561197995105280
1550,76561198193695760
1551,76561198004526096
1552,76561198044797968
1553,76561198014069776
1554,76561198210022416
1555,76561198963416096
1556,76561197971905568
1557,76561198880283680
1558,76561198070078496
1559,76561198009785376
1560,76561198049893424
1561,76561197963852848
1562,76561198280547376
1563,76561199037054000
1564,76561199041870896
1565,76561198006541360
1566,76561197975927856
1567,76561198054644784
1568,76561198183701552
1569,76561198132960304
1570,76561198059740224
1571,76561198064106560
1572,76561198013201472
1573,76561198037900368
1574,76561199074876496
1575,76561198013848656
1576,76561198218116192
1577,76561198069513312
1578,76561198038170720
1579,76561198007098480
1580,76561198048623728
1581,76561198027390080
1582,76561198268193920
1583,76561197999864960
1584,76561198218009728
1585,76561198040464512
1586,76561198065441936
1587,76561197963664528
1588,76561198098570384
1589,76561198041832608
1590,76561198272314528
1591,76561197972610208
1592,76561198360870048
1593,76561199018900640
1594,76561198027046048
1595,76561199111617696
1596,76561198283103408
1597,76561198002338992
1598,76561198064360624
1599,76561198051818672
1600,76561198165941440
1601,76561198212668608
1602,76561197971111104
1603,76561198400978112
1604,76561197969702080
1605,76561197995687120
1606,76561197971692752
1607,76561197993589984
1608,76561197988281568
1609,76561198064524512
1610,76561199153396976
1611,76561198069742832
1612,76561198006525168
1613,76561198052646128
1614,76561198073404672
1615,76561198247968000
1616,76561198159232256
1617,76561198878776576
1618,76561198012611840
1619,76561198020361472
1620,76561198100348160
1621,76561197998038272
1622,76561198167940368
1623,76561198119763216
1624,76561199042657552
1625,76561198063271200
1626,76561198031404320
1627,76561197999045920
1628,76561198031994160
1629,76561198023023920
1630,76561198113840432
1631,76561198012374320
1632,76561198028184896
1633,76561199263636800
1634,76561198120443200
1635,76561198099168576
1636,76561198016707904
1637,76561198047526208
1638,76561197970701648
1639,76561198039326032
1640,76561197968956752
1641,76561198331092320
1642,76561198032649568
1643,76561198012915040
1644,76561198297759072
1645,76561198257134960
1646,76561198041849200
1647,76561197981539696
1648,76561198306942320
1649,76561198028053872
1650,76561198023105904
1651,76561198234516864
1652,76561197990395264
1653,76561197973028240
1654,76561198501100944
1655,76561198101732752
1656,76561197998177680
1657,76561198012784016
1658,76561198079335824
1659,76561198188813728
1660,76561198023073184
1661,76561197985471904
1662,76561198005919136
1663,76561197963263392
1664,76561198053531040
1665,76561197995425184
1666,76561198064852400
1667,76561199084469680
1668,76561199054347712
1669,76561198035951040
1670,76561198076378576
1671,76561198881816016
1672,76561198253678032
1673,76561198839406032
1674,76561198854421968
1675,76561198253448672
1676,76561198000807392
1677,76561198091558368
1678,76561198094261728
1679,76561197991206368
1680,76561198007033312
1681,76561198040399344
1682,76561198077083120
1683,76561198053875184
1684,76561198063369712
1685,76561198408785392
1686,76561198076378624
1687,76561199247515136
1688,76561199127387648
1689,76561198165474832
1690,76561198072094224
1691,76561198086061584
1692,76561198021656096
1693,76561198948245024
1694,76561199202164256
1695,76561198212390432
1696,76561198024760864
1697,76561198101233184
1698,76561198070709808
1699,76561198042521136
1700,76561198030782016
1701,76561197990354496
1702,76561198176222784
1703,76561198025031232
1704,76561198001454656
1705,76561197972020800
1706,76561198165212752
1707,76561198025195088
1708,76561198876229216
1709,76561198354243168
1710,76561198116879968
1711,76561198035607136
1712,76561198374977120
1713,76561198126399088
1714,76561198093213296
1715,76561198006509184
1716,76561198050049664
1717,76561198216617600
1718,76561198146805392
1719,76561198215995024
1720,76561197988626064
1721,76561197984775824
1722,76561197993500304
1723,76561198062296736
1724,76561197988445856
1725,76561199041486496
1726,76561197988560544
1727,76561198044200608
1728,76561198992563888
1729,76561197970538160
1730,76561198001454784
1731,76561198097473216
1732,76561198136975056
1733,76561198055300816
1734,76561198034042608
1735,76561198060445424
1736,76561198964399872
1737,76561198081490688
1738,76561198012833536
1739,76561199016582912
1740,76561198060199696
1741,76561197971341072
1742,76561198025973520
1743,76561198839504672
1744,76561198041571104
1745,76561198054186784
1746,76561199163432752
1747,76561198079614768
1748,76561197995982640
1749,76561198167088944
1750,76561198048370496
1751,76561198112866112
1752,76561198064443200
1753,76561197975895888
1754,76561198066392912
1755,76561198045380432
1756,76561198128013136
1757,76561198156128080
1758,76561198035353424
1759,76561198006476640
1760,76561198035599200
1761,76561198031486816
1762,76561197983301472
1763,76561199279783776
1764,76561199093890912
1765,76561198043447152
1766,76561198016782192
1767,76561198297366400
1768,76561198064983936
1769,76561198098612096
1770,76561198162378640
1771,76561198028382096
1772,76561198012735376
1773,76561198063878032
1774,76561198507786144
1775,76561198011965360
1776,76561199468404672
1777,76561198393139136
1778,76561198067654592
1779,76561198025899968
1780,76561198096318400
1781,76561198157201360
1782,76561198133845984
1783,76561199089057760
1784,76561197994590176
1785,76561198257119200
1786,76561198008893424
1787,76561197970653168
1788,76561198112669680
